Country		Continent	1980	1980%	1981	1981%	1982	1982%	1983	1983%	1984	1984%	1985	1985 %	1986	1986 %	1987	1987 %	1988	1988%	1989	1989%	1990	1990 %	1991	1991 %	1992	1992%	1993	1993 %	1994	1994 %	1995	1995 %	1996	1996 %	1997	1997 %	1998	1998 %	1999	1999 %	2000	2000 %	2001	2001 %	2002	2002 %	2003	2003 %	2004	2004 %	2005	2005 %	2006	2006 %	2007	2007 %	2008	2008 %	2009	2009 %	2010	2010 %	2011	2011 %	2012	2012 %	2013	2013 %	2014	2014 %	2015	2015 %
China		asia	$309,060	2.77%	$292,366	2.57%	$286,561	2.57%	$307,469	2.69%	$316,519	2.67%	$312,780	2.55%	$303,177	2.10%	$330,055	1.99%	$411,736	2.21%	$459,783	2.35%	$404,495	1.86%	$424,116	1.84%	$499,859	2.00%	$641,064	2.50%	$582,673	2.12%	$756,964	2.47%	$892,010	2.83%	$985,044	3.14%	$1,045,200	3.35%	$1,100,775	3.42%	$1,192,854	3.59%	$1,317,236	3.99%	$1,455,560	4.25%	$1,650,514	4.28%	$1,944,674	4.48%	$2,287,258	4.86%	$2,793,159	5.48%	$3,504,605	6.10%	$4,547,716	7.22%	$5,105,769	8.55%	$5,949,648	9.12%	$7,314,482	10.12%	$8,386,678	11.40%	$9,469,125	12.53%	$10,380,380	13.41%	$11,211,928	15.03%
Japan		asia	$1,086,988	9.75%	$1,201,466	10.56%	$1,116,841	10.01%	$1,218,107	10.66%	$1,294,609	10.92%	$1,384,532	11.27%	$2,051,061	14.20%	$2,485,237	14.99%	$3,015,394	16.20%	$3,017,052	15.43%	$3,103,699	14.25%	$3,536,803	15.33%	$3,852,794	15.40%	$4,414,964	17.19%	$4,850,349	17.61%	$5,333,927	17.38%	$4,706,189	14.93%	$4,324,279	13.78%	$3,914,575	12.56%	$4,432,598	13.76%	$4,731,199	14.26%	$4,159,859	12.62%	$3,980,819	11.61%	$4,302,940	11.16%	$4,655,823	10.72%	$4,571,867	9.72%	$4,356,750	8.55%	$4,356,347	7.58%	$4,849,185	7.70%	$5,035,141	8.43%	$5,495,387	8.43%	$5,905,631	8.17%	$5,954,475	8.10%	$4,919,564	6.51%	$4,616,335	5.97%	$4,210,363	5.64%
India		asia	$181,416	1.63%	$195,861	1.72%	$202,861	1.82%	$222,049	1.94%	$215,556	1.82%	$237,618	1.93%	$252,751	1.75%	$283,750	1.71%	$299,645	1.61%	$300,187	1.54%	$326,608	1.50%	$274,842	1.19%	$293,262	1.17%	$284,194	1.11%	$333,014	1.21%	$366,600	1.19%	$399,791	1.27%	$423,189	1.35%	$428,767	1.38%	$466,841	1.45%	$476,636	1.44%	$493,934	1.50%	$523,768	1.53%	$618,369	1.60%	$721,589	1.66%	$834,218	1.77%	$949,118	1.86%	$1,238,700	2.16%	$1,224,096	1.94%	$1,365,373	2.29%	$1,708,460	2.62%	$1,843,018	2.55%	$1,835,821	2.50%	$1,875,157	2.48%	$2,049,501	2.65%	$2,308,018	3.09%
South Korea		asia	$64,981	0.58%	$72,426	0.64%	$77,773	0.70%	$87,025	0.76%	$96,598	0.81%	$100,273	0.82%	$115,537	0.80%	$146,134	0.88%	$196,965	1.06%	$243,528	1.25%	$279,348	1.28%	$325,733	1.41%	$350,051	1.40%	$386,302	1.50%	$455,605	1.65%	$556,129	1.81%	$598,097	1.90%	$557,504	1.78%	$374,242	1.20%	$485,250	1.51%	$561,634	1.69%	$533,050	1.62%	$609,021	1.78%	$680,518	1.77%	$764,881	1.76%	$898,137	1.91%	$1,011,797	1.99%	$1,122,679	1.95%	$1,002,219	1.59%	$901,935	1.51%	$1,094,499	1.68%	$1,202,464	1.66%	$1,222,807	1.66%	$1,304,468	1.73%	$1,416,949	1.83%	$1,435,076	1.92%
Russia		asia		0.00%		0.00%		0.00%		0.00%		0.00%		0.00%		0.00%		0.00%		0.00%		0.00%		0.00%		0.00%	$85,592	0.34%	$183,816	0.72%	$276,902	1.01%	$313,451	1.02%	$391,775	1.24%	$404,946	1.29%	$271,038	0.87%	$195,907	0.61%	$259,702	0.78%	$306,583	0.93%	$345,126	1.01%	$430,289	1.12%	$591,177	1.36%	$763,704	1.62%	$989,932	1.94%	$1,299,703	2.26%	$1,660,846	2.64%	$1,222,645	2.05%	$1,524,915	2.34%	$1,904,790	2.64%	$2,015,154	2.74%	$2,079,134	2.75%	$1,857,461	2.40%	$1,175,996	1.58%
Indonesia		asia	$104,285	0.94%	$116,417	1.02%	$119,516	1.07%	$108,331	0.95%	$110,935	0.94%	$110,588	0.90%	$101,391	0.70%	$96,073	0.58%	$106,664	0.57%	$121,880	0.62%	$137,467	0.63%	$153,976	0.67%	$167,128	0.67%	$190,913	0.74%	$213,727	0.78%	$244,227	0.80%	$274,722	0.87%	$260,680	0.83%	$115,323	0.37%	$169,158	0.52%	$179,482	0.54%	$174,507	0.53%	$212,807	0.62%	$255,428	0.66%	$279,556	0.64%	$310,815	0.66%	$396,293	0.78%	$470,144	0.82%	$558,582	0.89%	$577,539	0.97%	$755,256	1.16%	$892,590	1.24%	$919,002	1.25%	$912,502	1.21%	$888,648	1.15%	$895,677	1.20%
Turkey		asia	$94,258	0.85%	$95,496	0.84%	$86,766	0.78%	$82,911	0.73%	$80,642	0.68%	$90,580	0.74%	$100,483	0.70%	$115,898	0.70%	$121,901	0.65%	$144,085	0.74%	$202,247	0.93%	$203,491	0.88%	$213,783	0.85%	$242,468	0.94%	$174,990	0.64%	$227,810	0.74%	$244,386	0.78%	$255,647	0.81%	$269,528	0.87%	$250,334	0.78%	$266,671	0.80%	$196,057	0.59%	$232,450	0.68%	$303,123	0.79%	$392,233	0.90%	$482,737	1.03%	$529,278	1.04%	$646,425	1.13%	$730,628	1.16%	$614,389	1.03%	$731,539	1.12%	$774,729	1.07%	$788,605	1.07%	$821,918	1.09%	$806,108	1.04%	$752,510	1.01%
Taiwan		asia	$42,300	0.38%	$48,986	0.43%	$49,545	0.44%	$54,162	0.47%	$61,088	0.52%	$63,641	0.52%	$78,234	0.54%	$105,040	0.63%	$126,461	0.68%	$152,727	0.78%	$166,845	0.77%	$187,351	0.81%	$223,123	0.89%	$235,166	0.92%	$256,438	0.93%	$279,270	0.91%	$292,687	0.93%	$303,706	0.97%	$280,406	0.90%	$304,174	0.94%	$331,408	1.00%	$300,422	0.91%	$308,884	0.90%	$318,597	0.83%	$348,521	0.80%	$375,787	0.80%	$388,547	0.76%	$408,221	0.71%	$417,038	0.66%	$392,106	0.66%	$446,141	0.68%	$485,671	0.67%	$495,919	0.67%	$511,280	0.68%	$529,550	0.68%	$527,773	0.71%
Saudi Arabia		asia	$164,305	1.47%	$183,939	1.62%	$152,908	1.37%	$128,868	1.13%	$119,299	1.01%	$103,894	0.85%	$86,886	0.60%	$85,582	0.52%	$88,138	0.47%	$95,217	0.49%	$117,473	0.54%	$132,047	0.57%	$136,905	0.55%	$132,791	0.52%	$134,995	0.49%	$143,152	0.47%	$158,451	0.50%	$165,742	0.53%	$146,775	0.47%	$161,717	0.50%	$189,515	0.57%	$184,138	0.56%	$189,606	0.55%	$215,808	0.56%	$258,742	0.60%	$328,206	0.70%	$376,398	0.74%	$415,687	0.72%	$519,797	0.83%	$429,098	0.72%	$526,811	0.81%	$669,507	0.93%	$733,956	1.00%	$744,336	0.99%	$752,459	0.97%	$648,971	0.87%
Iran		asia	$101,461	0.91%	$115,329	1.01%	$144,331	1.29%	$175,751	1.54%	$182,220	1.54%	$86,413	0.70%	$90,169	0.62%	$103,856	0.63%	$91,069	0.49%	$87,878	0.45%	$91,941	0.42%	$105,345	0.46%	$124,187	0.50%	$92,919	0.36%	$72,595	0.26%	$98,287	0.32%	$119,693	0.38%	$115,071	0.37%	$105,894	0.34%	$113,237	0.35%	$104,348	0.31%	$126,875	0.38%	$128,627	0.38%	$151,911	0.39%	$181,485	0.42%	$218,335	0.46%	$257,773	0.51%	$337,326	0.59%	$391,165	0.62%	$396,738	0.66%	$463,971	0.71%	$564,459	0.78%	$418,913	0.57%	$380,348	0.50%	$404,132	0.52%	$393,495	0.53%
Thailand		asia	$32,353	0.29%	$34,848	0.31%	$36,591	0.33%	$40,043	0.35%	$41,799	0.35%	$38,900	0.32%	$43,097	0.30%	$50,535	0.30%	$61,667	0.33%	$72,251	0.37%	$85,640	0.39%	$96,188	0.42%	$109,426	0.44%	$121,796	0.47%	$144,308	0.52%	$168,019	0.55%	$181,948	0.58%	$150,891	0.48%	$111,860	0.36%	$122,630	0.38%	$122,725	0.37%	$115,536	0.35%	$126,877	0.37%	$142,640	0.37%	$161,340	0.37%	$176,352	0.38%	$207,089	0.41%	$246,977	0.43%	$272,578	0.43%	$263,711	0.44%	$318,908	0.49%	$345,672	0.48%	$365,966	0.50%	$387,253	0.51%	$373,804	0.48%	$386,291	0.52%
United Arab Emirates
asia	$40,415	0.36%	$45,002	0.40%	$41,848	0.38%	$38,345	0.34%	$38,012	0.32%	$37,310	0.30%	$29,568	0.20%	$32,466	0.20%	$32,999	0.18%	$38,090	0.19%	$49,090	0.23%	$49,821	0.22%	$52,208	0.21%	$53,438	0.21%	$57,450	0.21%	$63,637	0.21%	$70,991	0.23%	$76,202	0.24%	$73,394	0.24%	$82,865	0.26%	$103,893	0.31%	$103,312	0.31%	$109,816	0.32%	$124,346	0.32%	$147,824	0.34%	$180,617	0.38%	$222,117	0.44%	$257,916	0.45%	$315,475	0.50%	$253,547	0.42%	$286,049	0.44%	$347,454	0.48%	$372,314	0.51%	$402,340	0.53%	$401,647	0.52%	$363,707	0.49%
Malaysia		asia	$24,567	0.22%	$25,084	0.22%	$26,882	0.24%	$30,065	0.26%	$34,052	0.29%	$31,300	0.25%	$27,823	0.19%	$31,703	0.19%	$34,747	0.19%	$38,267	0.20%	$43,370	0.20%	$49,134	0.21%	$59,152	0.24%	$66,894	0.26%	$74,483	0.27%	$88,832	0.29%	$100,851	0.32%	$100,169	0.32%	$72,175	0.23%	$79,149	0.25%	$93,789	0.28%	$92,784	0.28%	$100,846	0.29%	$110,202	0.29%	$124,750	0.29%	$143,540	0.31%	$162,749	0.32%	$193,614	0.34%	$231,072	0.37%	$202,284	0.34%	$247,539	0.38%	$289,336	0.40%	$304,957	0.41%	$313,158	0.41%	$326,933	0.42%	$327,890	0.44%
Netherlands		europe	$189,096	1.70%	$158,492	1.39%	$153,551	1.38%	$149,495	1.31%	$139,147	1.17%	$141,174	1.15%	$196,748	1.36%	$240,985	1.45%	$257,725	1.38%	$253,946	1.30%	$313,332	1.44%	$322,734	1.40%	$357,195	1.43%	$347,371	1.35%	$373,133	1.35%	$445,184	1.45%	$442,732	1.40%	$410,293	1.31%	$431,767	1.39%	$440,515	1.37%	$414,609	1.25%	$426,457	1.29%	$466,123	1.36%	$572,010	1.48%	$646,919	1.49%	$673,525	1.43%	$720,044	1.41%	$834,346	1.45%	$935,707	1.49%	$860,261	1.44%	$837,949	1.29%	$894,576	1.24%	$823,595	1.12%	$853,806	1.13%	$866,354	1.12%	$749,365	1.00%
Switzerland		europe	$118,714	1.07%	$108,640	0.95%	$111,293	1.00%	$110,985	0.97%	$106,010	0.89%	$107,528	0.87%	$154,096	1.07%	$192,905	1.16%	$208,766	1.12%	$201,621	1.03%	$257,506	1.18%	$260,478	1.13%	$270,944	1.08%	$263,415	1.03%	$291,838	1.06%	$341,824	1.11%	$329,667	1.05%	$286,544	0.91%	$294,664	0.95%	$289,512	0.90%	$271,801	0.82%	$278,742	0.85%	$301,279	0.88%	$352,287	0.91%	$393,044	0.91%	$407,535	0.87%	$429,392	0.84%	$477,686	0.83%	$551,013	0.87%	$539,785	0.90%	$580,696	0.89%	$696,528	0.96%	$665,898	0.91%	$685,871	0.91%	$712,050	0.92%	$688,434	0.92%
Germany		europe	$849,657	7.62%	$714,858	6.28%	$690,259	6.19%	$688,632	6.02%	$648,809	5.47%	$657,903	5.35%	$939,647	6.50%	$1,169,290	7.05%	$1,260,617	6.77%	$1,251,431	6.40%	$1,591,060	7.31%	$1,866,725	8.09%	$2,127,854	8.51%	$2,069,688	8.06%	$2,210,829	8.03%	$2,592,715	8.45%	$2,502,443	7.94%	$2,218,647	7.07%	$2,242,990	7.20%	$2,199,570	6.83%	$1,952,920	5.89%	$1,949,602	5.91%	$2,083,653	6.08%	$2,507,101	6.50%	$2,819,292	6.49%	$2,862,521	6.09%	$3,001,251	5.89%	$3,440,446	5.99%	$3,764,675	5.98%	$3,421,630	5.73%	$3,418,371	5.24%	$3,755,549	5.20%	$3,535,199	4.81%	$3,731,427	4.94%	$3,859,547	4.99%	$3,413,483	4.57%
United Kingdom
europe	$565,512	5.07%	$545,679	4.79%	$516,078	4.63%	$489,990	4.29%	$463,636	3.91%	$494,228	4.02%	$601,929	4.17%	$747,282	4.51%	$911,471	4.90%	$928,912	4.75%	$1,098,800	5.05%	$1,146,490	4.97%	$1,186,732	4.74%	$1,063,030	4.14%	$1,141,346	4.14%	$1,235,906	4.03%	$1,305,911	4.14%	$1,439,174	4.59%	$1,529,355	4.91%	$1,558,667	4.84%	$1,551,752	4.68%	$1,529,619	4.64%	$1,677,162	4.89%	$1,945,762	5.05%	$2,299,259	5.29%	$2,415,053	5.14%	$2,586,548	5.07%	$2,964,399	5.16%	$2,814,476	4.47%	$2,318,782	3.88%	$2,409,409	3.70%	$2,594,114	3.59%	$2,624,291	3.57%	$2,680,123	3.55%	$2,945,146	3.81%	$2,853,357	3.82%
France		europe	$704,483	6.32%	$621,003	5.46%	$589,985	5.29%	$564,492	4.94%	$534,310	4.51%	$559,636	4.55%	$775,929	5.37%	$939,317	5.66%	$1,025,545	5.51%	$1,031,095	5.27%	$1,278,570	5.87%	$1,279,902	5.55%	$1,411,665	5.64%	$1,331,523	5.18%	$1,404,321	5.10%	$1,610,933	5.25%	$1,614,607	5.12%	$1,462,388	4.66%	$1,512,844	4.86%	$1,502,245	4.66%	$1,372,452	4.14%	$1,383,406	4.20%	$1,505,649	4.39%	$1,851,660	4.80%	$2,126,995	4.90%	$2,207,450	4.69%	$2,327,052	4.57%	$2,666,805	4.64%	$2,937,321	4.66%	$2,700,658	4.52%	$2,651,772	4.07%	$2,865,304	3.97%	$2,688,210	3.66%	$2,807,306	3.72%	$2,846,889	3.68%	$2,469,530	3.31%
Poland		europe	$56,619	0.51%	$53,647	0.47%	$65,187	0.58%	$75,406	0.66%	$75,507	0.64%	$70,775	0.58%	$73,677	0.51%	$63,714	0.38%	$68,612	0.37%	$66,895	0.34%	$62,084	0.29%	$80,451	0.35%	$88,713	0.35%	$90,366	0.35%	$103,683	0.38%	$139,089	0.45%	$156,684	0.50%	$157,183	0.50%	$172,050	0.55%	$167,799	0.52%	$171,276	0.52%	$190,430	0.58%	$198,679	0.58%	$217,514	0.56%	$253,709	0.58%	$304,430	0.65%	$343,272	0.67%	$429,172	0.75%	$530,170	0.84%	$436,817	0.73%	$476,528	0.73%	$524,104	0.73%	$496,687	0.68%	$526,031	0.70%	$546,644	0.71%	$491,239	0.66%
Sweden		europe	$136,409	1.22%	$124,507	1.09%	$109,664	0.98%	$100,811	0.88%	$104,838	0.88%	$109,814	0.89%	$145,360	1.01%	$177,085	1.07%	$200,080	1.07%	$210,937	1.08%	$252,396	1.16%	$266,299	1.15%	$275,698	1.10%	$209,950	0.82%	$226,081	0.82%	$264,053	0.86%	$288,106	0.91%	$264,478	0.84%	$266,802	0.86%	$270,847	0.84%	$259,801	0.78%	$239,916	0.73%	$263,926	0.77%	$331,109	0.86%	$381,706	0.88%	$389,043	0.83%	$420,029	0.82%	$487,818	0.85%	$513,966	0.82%	$429,656	0.72%	$488,378	0.75%	$563,110	0.78%	$543,881	0.74%	$579,526	0.77%	$570,137	0.74%	$487,396	0.65%
Belgium		europe	$123,949	1.11%	$102,634	0.90%	$90,301	0.81%	$85,361	0.75%	$81,546	0.69%	$84,789	0.69%	$117,509	0.81%	$145,965	0.88%	$158,699	0.85%	$160,425	0.82%	$200,911	0.92%	$206,152	0.89%	$229,604	0.92%	$219,554	0.85%	$239,531	0.87%	$289,399	0.94%	$280,881	0.89%	$254,416	0.81%	$260,171	0.84%	$260,007	0.81%	$238,032	0.72%	$237,601	0.72%	$259,304	0.76%	$319,182	0.83%	$370,947	0.85%	$387,618	0.82%	$411,059	0.81%	$472,964	0.82%	$522,556	0.83%	$487,065	0.82%	$485,307	0.74%	$528,721	0.73%	$499,129	0.68%	$524,970	0.69%	$534,672	0.69%	$463,799	0.62%
Norway		europe	$64,439	0.58%	$63,597	0.56%	$62,647	0.56%	$61,627	0.54%	$62,058	0.52%	$65,417	0.53%	$78,693	0.54%	$94,231	0.57%	$101,901	0.55%	$102,634	0.52%	$119,791	0.55%	$121,872	0.53%	$130,838	0.52%	$120,578	0.47%	$127,132	0.46%	$152,028	0.50%	$163,517	0.52%	$161,354	0.51%	$154,165	0.49%	$162,287	0.50%	$171,315	0.52%	$174,004	0.53%	$195,419	0.57%	$228,752	0.59%	$264,356	0.61%	$308,722	0.66%	$345,423	0.68%	$400,886	0.70%	$461,946	0.73%	$386,382	0.65%	$428,527	0.66%	$498,157	0.69%	$509,705	0.69%	$522,349	0.69%	$500,244	0.65%	$420,958	0.56%
Italy		europe	$470,040	4.22%	$426,260	3.74%	$421,268	3.78%	$437,165	3.82%	$431,921	3.64%	$446,033	3.63%	$631,723	4.37%	$792,881	4.78%	$878,449	4.72%	$913,628	4.67%	$1,140,235	5.24%	$1,204,452	5.22%	$1,278,096	5.11%	$1,027,753	4.00%	$1,060,058	3.85%	$1,171,826	3.82%	$1,309,765	4.16%	$1,240,857	3.95%	$1,268,435	4.07%	$1,250,698	3.88%	$1,145,564	3.45%	$1,163,784	3.53%	$1,271,528	3.71%	$1,573,335	4.08%	$1,801,568	4.15%	$1,856,684	3.95%	$1,945,234	3.82%	$2,207,143	3.84%	$2,403,213	3.81%	$2,191,781	3.67%	$2,130,586	3.27%	$2,280,315	3.16%	$2,076,370	2.82%	$2,137,615	2.83%	$2,147,952	2.78%	$1,842,835	2.47%
Austria		europe	$80,743	0.72%	$69,965	0.61%	$69,954	0.63%	$70,874	0.62%	$66,857	0.56%	$68,470	0.56%	$97,157	0.67%	$121,499	0.73%	$133,274	0.72%	$132,936	0.68%	$166,477	0.76%	$173,992	0.75%	$195,031	0.78%	$190,023	0.74%	$203,494	0.74%	$240,695	0.78%	$236,812	0.75%	$212,578	0.68%	$217,980	0.70%	$217,010	0.67%	$196,998	0.59%	$197,123	0.60%	$213,725	0.62%	$261,220	0.68%	$300,264	0.69%	$315,187	0.67%	$334,603	0.66%	$386,995	0.67%	$429,638	0.68%	$398,602	0.67%	$390,383	0.60%	$429,493	0.59%	$407,801	0.55%	$428,456	0.57%	$437,123	0.56%	$380,555	0.51%
Spain		europe	$230,189	2.07%	$204,082	1.79%	$197,154	1.77%	$172,429	1.51%	$171,955	1.45%	$181,172	1.47%	$250,683	1.74%	$317,602	1.92%	$373,143	2.00%	$411,571	2.10%	$533,917	2.45%	$575,021	2.49%	$628,565	2.51%	$528,011	2.06%	$529,824	1.92%	$612,429	2.00%	$638,444	2.03%	$587,920	1.87%	$616,886	1.98%	$634,384	1.97%	$597,149	1.80%	$626,514	1.90%	$707,642	2.06%	$908,588	2.36%	$1,071,007	2.47%	$1,159,257	2.47%	$1,265,661	2.48%	$1,481,393	2.58%	$1,642,738	2.61%	$1,502,876	2.52%	$1,434,257	2.20%	$1,495,968	2.07%	$1,356,483	1.84%	$1,393,476	1.84%	$1,406,855	1.82%	$1,230,207	1.65%
Argentina		sAmerica	$249,941	2.24%	$202,996	1.78%	$100,801	0.90%	$124,349	1.09%	$139,618	1.18%	$105,453	0.86%	$126,807	0.88%	$130,012	0.78%	$152,284	0.82%	$97,703	0.50%	$169,009	0.78%	$226,715	0.98%	$273,568	1.09%	$282,810	1.10%	$307,844	1.12%	$308,551	1.01%	$325,434	1.03%	$350,197	1.12%	$357,479	1.15%	$339,034	1.05%	$339,848	1.02%	$321,305	0.97%	$116,867	0.34%	$152,634	0.40%	$181,894	0.42%	$220,907	0.47%	$262,814	0.52%	$329,275	0.57%	$403,744	0.64%	$376,826	0.63%	$461,652	0.71%	$558,681	0.77%	$607,596	0.83%	$622,054	0.82%	$540,164	0.70%	$563,138	0.75%
Brazil		sAmerica	$152,154	1.37%	$174,864	1.54%	$186,950	1.68%	$149,893	1.31%	$149,168	1.26%	$236,798	1.93%	$274,694	1.90%	$298,989	1.80%	$334,013	1.79%	$458,527	2.34%	$475,119	2.18%	$416,596	1.81%	$399,082	1.60%	$447,832	1.74%	$558,374	2.03%	$786,479	2.56%	$853,879	2.71%	$886,666	2.83%	$867,149	2.78%	$601,955	1.87%	$657,249	1.98%	$560,221	1.70%	$510,618	1.49%	$558,921	1.45%	$669,616	1.54%	$892,106	1.90%	$1,107,789	2.17%	$1,395,968	2.43%	$1,694,616	2.69%	$1,666,768	2.79%	$2,209,266	3.39%	$2,613,061	3.62%	$2,412,024	3.28%	$2,391,029	3.17%	$2,353,025	3.04%	$1,903,934	2.55%
Colombia		sAmerica	$46,382	0.42%	$50,532	0.44%	$54,112	0.49%	$53,783	0.47%	$53,121	0.45%	$48,459	0.39%	$48,525	0.34%	$50,511	0.30%	$54,455	0.29%	$54,909	0.28%	$55,929	0.26%	$57,270	0.25%	$68,435	0.27%	$77,493	0.30%	$97,416	0.35%	$110,298	0.36%	$119,443	0.38%	$112,180	0.36%	$108,617	0.35%	$96,443	0.30%	$99,876	0.30%	$98,212	0.30%	$97,963	0.29%	$94,641	0.25%	$117,082	0.27%	$146,566	0.31%	$162,590	0.32%	$207,416	0.36%	$243,982	0.39%	$233,822	0.39%	$287,018	0.44%	$336,346	0.47%	$369,789	0.50%	$378,415	0.50%	$384,901	0.50%	$332,384	0.45%
Australia		oceania	$162,810	1.46%	$188,278	1.65%	$186,918	1.68%	$179,352	1.57%	$196,998	1.66%	$174,263	1.42%	$181,350	1.26%	$212,951	1.28%	$270,915	1.46%	$307,792	1.57%	$323,489	1.49%	$324,138	1.41%	$317,805	1.27%	$309,008	1.20%	$352,781	1.28%	$379,432	1.24%	$425,083	1.35%	$426,424	1.36%	$380,603	1.22%	$411,166	1.28%	$399,017	1.20%	$376,634	1.14%	$424,072	1.24%	$540,311	1.40%	$656,808	1.51%	$732,781	1.56%	$781,739	1.53%	$948,997	1.65%	$1,052,869	1.67%	$996,461	1.67%	$1,248,219	1.91%	$1,500,355	2.08%	$1,555,915	2.12%	$1,501,883	1.99%	$1,444,189	1.87%	$1,252,273	1.68%
Nigeria		africa	$62,365	0.56%	$64,135	0.56%	$55,511	0.50%	$37,575	0.33%	$27,250	0.23%	$26,725	0.22%	$21,164	0.15%	$22,553	0.14%	$25,022	0.13%	$24,174	0.12%	$36,052	0.17%	$35,139	0.15%	$34,715	0.14%	$36,045	0.14%	$49,265	0.18%	$107,833	0.35%	$154,085	0.49%	$163,880	0.52%	$162,558	0.52%	$46,362	0.14%	$61,309	0.18%	$59,629	0.18%	$81,593	0.24%	$95,358	0.25%	$126,383	0.29%	$164,774	0.35%	$217,736	0.43%	$257,471	0.45%	$325,443	0.52%	$270,471	0.45%	$373,839	0.57%	$418,834	0.58%	$467,119	0.64%	$521,812	0.69%	$573,652	0.74%	$515,431	0.69%
Egypt		africa	$22,371	0.20%	$24,499	0.22%	$28,986	0.26%	$35,430	0.31%	$39,837	0.34%	$46,450	0.38%	$51,429	0.36%	$73,571	0.44%	$88,000	0.47%	$109,714	0.56%	$91,383	0.42%	$46,060	0.20%	$42,006	0.17%	$47,101	0.18%	$51,879	0.19%	$60,163	0.20%	$67,632	0.21%	$75,865	0.24%	$84,821	0.27%	$90,386	0.28%	$99,624	0.30%	$97,266	0.29%	$85,843	0.25%	$80,994	0.21%	$78,799	0.18%	$89,519	0.19%	$107,375	0.21%	$130,346	0.23%	$162,435	0.26%	$188,608	0.32%	$218,763	0.34%	$235,598	0.33%	$262,256	0.36%	$271,427	0.36%	$286,435	0.37%	$324,267	0.43%
South Africa		africa	$82,659	0.74%	$84,967	0.75%	$77,930	0.70%	$86,907	0.76%	$76,901	0.65%	$58,774	0.48%	$67,139	0.46%	$88,041	0.53%	$94,653	0.51%	$98,495	0.50%	$114,934	0.53%	$123,396	0.54%	$133,954	0.54%	$133,867	0.52%	$139,381	0.51%	$155,078	0.51%	$147,601	0.47%	$152,738	0.49%	$137,734	0.44%	$136,594	0.42%	$136,453	0.41%	$121,602	0.37%	$115,748	0.34%	$175,254	0.45%	$228,931	0.53%	$257,667	0.55%	$271,812	0.53%	$299,033	0.52%	$287,095	0.46%	$297,221	0.50%	$375,304	0.58%	$417,057	0.58%	$397,391	0.54%	$366,236	0.48%	$350,082	0.45%	$323,809	0.43%
Other		other	$1,157,234	10.38%	$1,152,636	10.13%	$1,166,970	10.46%	$1,106,821	9.68%	$1,087,661	9.18%	$1,075,457	8.75%	$1,212,969	8.40%	$1,366,021	8.24%	$1,463,725	7.86%	$1,489,753	7.62%	$1,615,871	7.42%	$1,649,584	7.15%	$1,849,825	7.40%	$1,889,020	7.35%	$2,037,636	7.40%	$2,432,775	7.93%	$2,603,593	8.26%	$2,659,328	8.47%	$2,656,236	8.53%	$2,670,199	8.29%	$2,723,127	8.21%	$2,758,320	8.37%	$2,912,095	8.49%	$3,373,083	8.75%	$3,999,009	9.21%	$4,532,589	9.64%	$5,155,945	10.12%	$6,160,037	10.72%	$7,238,526	11.49%	$6,561,496	10.99%	$7,121,269	10.92%	$8,029,155	11.11%	$8,246,339	11.21%	$8,629,263	11.42%	$8,779,085	11.35%	$8,304,348	11.13%
United States		nAmerica	$2,862,475	25.69%	$3,210,950	28.21%	$3,345,000	29.98%	$3,638,125	31.83%	$4,040,700	34.09%	$4,346,750	35.37%	$4,590,125	31.77%	$4,870,225	29.37%	$5,252,625	28.21%	$5,657,700	28.93%	$5,979,575	27.46%	$6,174,050	26.77%	$6,539,300	26.14%	$6,878,700	26.78%	$7,308,775	26.53%	$7,664,050	24.98%	$8,100,175	25.70%	$8,608,525	27.43%	$9,089,150	29.17%	$9,660,625	29.98%	$10,284,750	31.00%	$10,621,825	32.21%	$10,977,525	32.02%	$11,510,675	29.85%	$12,274,925	28.27%	$13,093,700	27.85%	$13,855,900	27.18%	$14,477,625	25.20%	$14,718,575	23.36%	$14,418,725	24.15%	$14,964,400	22.95%	$15,517,925	21.48%	$16,163,150	21.98%	$16,768,050	22.20%	$17,418,925	22.51%	$18,124,731	24.29%
Canada		nAmerica	$274,370	2.46%	$306,794	2.70%	$314,169	2.82%	$340,608	2.98%	$354,225	2.99%	$362,958	2.95%	$376,385	2.61%	$430,124	2.59%	$508,316	2.73%	$566,839	2.90%	$594,612	2.73%	$610,391	2.65%	$591,331	2.36%	$575,164	2.24%	$575,983	2.09%	$602,003	1.96%	$626,965	1.99%	$650,993	2.07%	$631,448	2.03%	$674,311	2.09%	$739,451	2.23%	$732,735	2.22%	$752,523	2.19%	$887,782	2.30%	$1,018,386	2.35%	$1,164,179	2.48%	$1,310,795	2.57%	$1,457,873	2.54%	$1,542,561	2.45%	$1,370,839	2.30%	$1,614,072	2.48%	$1,788,741	2.48%	$1,832,716	2.49%	$1,838,964	2.43%	$1,788,717	2.31%	$1,615,471	2.16%
Mexico		nAmerica	$234,618	2.11%	$301,328	2.65%	$218,680	1.96%	$178,282	1.56%	$210,246	1.77%	$223,104	1.82%	$154,470	1.07%	$169,397	1.02%	$207,235	1.11%	$252,549	1.29%	$298,037	1.37%	$357,292	1.55%	$414,348	1.66%	$504,022	1.96%	$527,316	1.91%	$343,814	1.12%	$397,402	1.26%	$480,557	1.53%	$502,029	1.61%	$579,452	1.80%	$683,650	2.06%	$724,691	2.20%	$741,563	2.16%	$713,283	1.85%	$770,270	1.77%	$866,346	1.84%	$966,867	1.90%	$1,043,472	1.82%	$1,101,274	1.75%	$894,950	1.50%	$1,051,128	1.61%	$1,171,185	1.62%	$1,186,663	1.61%	$1,262,250	1.67%	$1,282,725	1.66%	$1,231,982	1.65%