[{"Country": "\u4e2d\u56fd", "SymbolSize": "72.5750262548531"}, {"Country": "\u8d8a\u5357", "SymbolSize": "36.5030453461216"}, {"Country": "\u5370\u5c3c", "SymbolSize": "37.5696531818582"}, {"Country": "\u65b0\u52a0\u5761", "SymbolSize": "70.9716725388441"}, {"Country": "\u6587\u83b1", "SymbolSize": "42.5358904305598"}, {"Country": "\u6cf0\u56fd", "SymbolSize": "39.217955721658"}, {"Country": "\u65e5\u672c", "SymbolSize": "74.354547186439"}, {"Country": "\u7f05\u7538", "SymbolSize": "23.8651566771921"}, {"Country": "\u9a6c\u6765\u897f\u4e9a", "SymbolSize": "52.0004921159651"}, {"Country": "\u8001\u631d", "SymbolSize": "26.2440928678371"}, {"Country": "\u67ec\u57d4\u5be8", "SymbolSize": "27.8958032431332"}, {"Country": "\u83f2\u5f8b\u5bbe", "SymbolSize": "33.4029643303787"}, {"Country": "\u97e9\u56fd", "SymbolSize": "64.3319022611131"}]